Domain,Product URL
snapdeal.com,https://www.snapdeal.com/product/vijohn-100g-each-talc-100/679578273778
snapdeal.com,https://www.snapdeal.com/product/imported-enchanteur-charming-talc-125/675188820038
snapdeal.com,https://www.snapdeal.com/product/denver-bluecode-talc2-x-300/623533666025
snapdeal.com,https://www.snapdeal.com/product/denver-black-code-cologne-talc/667108360444
snapdeal.com,https://www.snapdeal.com/product/imported-enchanteur-charming-talc-250/666996800107
snapdeal.com,https://www.snapdeal.com/product/enchanteur-charming-perfumed-talc-125/656345408698
snapdeal.com,https://www.snapdeal.com/product/naturals-refreshes-softens-skin-threading/686749226963
snapdeal.com,https://www.snapdeal.com/product/allen-prickly-heat-powder-with/686168592378
snapdeal.com,https://www.snapdeal.com/product/ramdev-enterprise-garage-storage-hooks/663207772729
snapdeal.com,https://www.snapdeal.com/product/goodluck-nylon-electrician-and-technician/653701656528
